YEAR,WEEK,RS_SALES,RS_SALES1,UNIT_SALES1,UNIT_SALES,STORE_NO,CITY,STATE,FORMAT,REGION,NEWYEAR,VALENTINES,DUSSEHRA,DIWALI,CHRISTMAS,WEEK_MAX_TEMP2,WEEK_MAX_TEMP1,WEEK_MIN_TEMP,RAIN_MM,SHORTAGE1,POPULATION
2016,1,975557.59,975557.59,16290,16290,21001,PANAJI,GOA,MEGABOX,WEST,1,0,0,0,0,18.51,32,15.28,0,11.3,420114
2016,2,607104.57,607104.57,15075,15075,21001,PANAJI,GOA,MEGABOX,WEST,0,0,0,0,0,17.23,18,13.19,10,12.1,422214.57
2016,3,587348.56,587348.56,14334,14334,21001,PANAJI,GOA,MEGABOX,WEST,0,0,0,0,0,16.22,17,13.24,6,12.5,424315.14
2016,4,568805.59,568805.59,14459,14459,21001,PANAJI,GOA,MEGABOX,WEST,0,0,0,0,0,16.33,16,13.87,4,12.8,426415.71
2016,5,596242.03,596242.03,14400,14400,21001,PANAJI,GOA,MEGABOX,WEST,0,0,0,0,0,17.65,17.65,14.42,0,12.2,428516.28
2016,6,602961.4,602961.4,14627,14627,21001,PANAJI,GOA,MEGABOX,WEST,0,0,0,0,0,18.2,18.2,14.44,0,12,430616.85
2016,7,793308.91,793308.91,16998,16998,21001,PANAJI,GOA,MEGABOX,WEST,0,1,0,0,0,26.64,27.2,21.89,0,10.2,432717.42
2016,8,597517.37,597517.37,14540,14540,21001,PANAJI,GOA,MEGABOX,WEST,0,0,0,0,0,17.34,16.22,15.43,16,12.1,434817.99
2016,9,634716.09,634716.09,14802,14802,21001,PANAJI,GOA,MEGABOX,WEST,0,0,0,0,0,18.5,18.5,15.68,0,11.6,436918.56
2016,10,646000.58,646000.58,15249,15249,21001,PANAJI,GOA,MEGABOX,WEST,0,0,0,0,0,20.21,19.1,15.84,0,11.3,439019.13
2016,11,602055.15,602055.15,14630,14630,21001,PANAJI,GOA,MEGABOX,WEST,0,0,0,0,0,16.99,16.99,14.24,7,11.9,441119.7
2016,12,603332.51,603332.51,14834,14834,21001,PANAJI,GOA,MEGABOX,WEST,0,0,0,0,0,18.21,17.3,16.67,0,11.8,443220.27
2016,13,545145.12,545145.12,13442,13442,21001,PANAJI,GOA,MEGABOX,WEST,0,0,0,0,0,16.1,14,12.99,8,12.7,445320.84
2016,14,602104.24,602104.24,14609,14609,21001,PANAJI,GOA,MEGABOX,WEST,0,0,0,0,0,17.61,17.61,14.16,0,11.9,447421.41
2016,15,623068.81,623068.81,14933,14933,21001,PANAJI,GOA,MEGABOX,WEST,0,0,0,0,0,19.01,19.01,16.14,0,11.5,449521.98
2016,16,735096.74,735096.74,16842,16842,21001,PANAJI,GOA,MEGABOX,WEST,0,0,0,0,0,24.12,25,23.21,0,9.5,451622.55
2016,17,457668.49,457668.49,12069,12069,21001,PANAJI,GOA,MEGABOX,WEST,0,0,0,0,0,15.11,11.1,14.99,15,13.2,453723.12
2016,18,581053.22,581053.22,14044,14044,21001,PANAJI,GOA,MEGABOX,WEST,0,0,0,0,0,25.12,17.5,20.87,0,11.3,455823.69
2016,19,630935.28,630935.28,14971,14971,21001,PANAJI,GOA,MEGABOX,WEST,0,0,0,0,0,26.33,20,23.02,0,10.9,457924.26
2016,20,567674.66,567674.66,14357,14357,21001,PANAJI,GOA,MEGABOX,WEST,0,0,0,0,0,24.12,18,21.24,4,11.9,460024.83
2016,21,566053.57,566053.57,14126,14126,21001,PANAJI,GOA,MEGABOX,WEST,0,0,0,0,0,21.09,17.8,19.66,2,12,462125.4
2016,22,574193.71,574193.71,14161,14161,21001,PANAJI,GOA,MEGABOX,WEST,0,0,0,0,0,23.13,18.4,19.68,0,11.8,464225.97
2016,23,639358.2,639358.2,15048,15048,21001,PANAJI,GOA,MEGABOX,WEST,0,0,0,0,0,27.11,21.3,23.01,0,10.9,466326.54
2016,24,623908.97,623908.97,14889,14889,21001,PANAJI,GOA,MEGABOX,WEST,0,0,0,0,0,23.27,19.5,21.38,4,11.1,468427.11
2016,25,548590.43,548590.43,13717,13717,21001,PANAJI,GOA,MEGABOX,WEST,0,0,0,0,0,19.23,22.7,17.83,2,12.4,470527.68
2016,26,552885.98,552885.98,13779,13779,21001,PANAJI,GOA,MEGABOX,WEST,0,0,0,0,0,21.25,23,17.8,0,12.3,472628.25
2016,27,598748.97,598748.97,14507,14507,21001,PANAJI,GOA,MEGABOX,WEST,0,0,0,0,0,23.32,25,20.02,0,11.8,474728.82
2016,28,571454.46,571454.46,14144,14144,21001,PANAJI,GOA,MEGABOX,WEST,0,0,0,0,0,20.45,23.8,19.29,3,12.1,476829.39
2016,29,571936.42,571936.42,13880,13880,21001,PANAJI,GOA,MEGABOX,WEST,0,0,0,0,0,22.56,24,18.32,0,12,478929.96
2016,30,562950.71,562950.71,13861,13861,21001,PANAJI,GOA,MEGABOX,WEST,0,0,0,0,0,20.98,23.6,17.53,2,12.2,481030.53
2016,31,601561.23,601561.23,14511,14511,21001,PANAJI,GOA,MEGABOX,WEST,0,0,0,0,0,23.11,25.5,19.36,0,11.7,483131.1
2016,32,669968.12,669968.12,15894,15894,21001,PANAJI,GOA,MEGABOX,WEST,0,0,0,0,0,26.12,28.8,22.85,0,10.8,485231.67
2016,33,596647.57,596647.57,14676,14676,21001,PANAJI,GOA,MEGABOX,WEST,0,0,0,0,0,21.89,25,18.66,7,12,487332.24
2016,34,570995.39,570995.39,14232,14232,21001,PANAJI,GOA,MEGABOX,WEST,0,0,0,0,0,22.34,24.2,17.78,2,12.2,489432.81
2016,35,580257.44,580257.44,14107,14107,21001,PANAJI,GOA,MEGABOX,WEST,0,0,0,0,0,21.78,24.6,18.91,0,12.1,491533.38
2016,36,595418.23,NA,NA,14225,21001,PANAJI,GOA,MEGABOX,WEST,0,0,0,0,0,23.11,25,20.2,0,11.9,493633.95
2016,37,595813.39,NA,NA,14376,21001,PANAJI,GOA,MEGABOX,WEST,0,0,0,0,0,24.21,25.2,18.99,0,11.8,495734.52
2016,38,568877.93,568877.93,14061,14061,21001,PANAJI,GOA,MEGABOX,WEST,0,0,0,0,0,22.13,24,16.42,6,12.1,497835.09
2016,39,551555.8,551555.8,14204,14204,21001,PANAJI,GOA,MEGABOX,WEST,0,0,0,0,0,18.34,23.2,16.14,1,12.2,499935.66
2016,40,583466.18,583466.18,14455,14455,21001,PANAJI,GOA,MEGABOX,WEST,0,0,0,0,0,21.34,24.6,18.32,0,11.5,502036.23
2016,41,555203.9,555203.9,13839,13839,21001,PANAJI,GOA,MEGABOX,WEST,0,0,0,0,0,18.94,23.2,15.71,3,11.9,504136.8
2016,42,574783.86,574783.86,14434,14434,21001,PANAJI,GOA,MEGABOX,WEST,0,0,0,0,0,20.32,24.1,16.43,1,11.6,506237.37
2016,43,556289.5,556289.5,14077,14077,21001,PANAJI,GOA,MEGABOX,WEST,0,0,0,0,0,18.85,23.3,15.98,2,11.8,508337.94
2016,44,579428.13,579428.13,14942,14942,21001,PANAJI,GOA,MEGABOX,WEST,0,0,0,0,0,20.02,24.4,18.13,0,11.5,510438.51
2016,45,629797.6,629797.6,14959,14959,21001,PANAJI,GOA,MEGABOX,WEST,0,0,0,0,0,26.17,26,18.56,0,11,512539.08
2016,46,624306.4,624306.4,14492,14492,21001,PANAJI,GOA,MEGABOX,WEST,0,0,0,0,0,21.65,25.6,18.2,4,11.1,514639.65
2016,47,931376.71,931376.71,15025,15025,21001,PANAJI,GOA,MEGABOX,WEST,0,0,1,0,0,22.11,40,19.24,0,10.9,516740.22
2016,48,782552.16,782552.16,17183,17183,21001,PANAJI,GOA,MEGABOX,WEST,0,0,0,1,0,28.12,33,29.78,0,5,518840.79
2016,49,727998.1,727998.1,16266,16266,21001,PANAJI,GOA,MEGABOX,WEST,0,0,0,0,0,16.33,30,21.21,12,9,520941.36
2016,50,864870.4,864870.4,17598,17598,21001,PANAJI,GOA,MEGABOX,WEST,0,0,0,0,0,27.62,37,24.64,0,7.1,523041.93
2016,51,937227.2,937227.2,20480,20480,21001,PANAJI,GOA,MEGABOX,WEST,0,0,0,0,0,29.13,40,31.7,0,5.1,525142.5
2016,52,1275563.8,1275563.8,21610,21610,21001,PANAJI,GOA,MEGABOX,WEST,0,0,0,0,1,35.13,50,34.39,0,4.8,527243.07
2016,1,897529.33,897529.33,16257,16257,21002,MUMBAI,MAHARASHTRA,MEGABOX,WEST,1,0,0,0,0,18.51,26,15.99,0,11.3,756222
2016,2,628968.51,628968.51,15010,15010,21002,MUMBAI,MAHARASHTRA,MEGABOX,WEST,0,0,0,0,0,17.23,18.1,14.12,5.1,12.1,760003.11
2016,3,596389.49,596389.49,14170,14170,21002,MUMBAI,MAHARASHTRA,MEGABOX,WEST,0,0,0,0,0,16.22,16.11,12.66,3.2,12.5,763784.22
2016,4,589441.51,589441.51,14186,14186,21002,MUMBAI,MAHARASHTRA,MEGABOX,WEST,0,0,0,0,0,16.33,15.22,13.87,2.3,12.8,767565.33
2016,5,589439.41,589439.41,14092,14092,21002,MUMBAI,MAHARASHTRA,MEGABOX,WEST,0,0,0,0,0,17.65,17.65,14.65,0,12.2,771346.44
2016,6,638206.13,638206.13,15097,15097,21002,MUMBAI,MAHARASHTRA,MEGABOX,WEST,0,1,0,0,0,18.2,18.2,14.77,0,12,775127.55
2016,7,730876.25,730876.25,16878,16878,21002,MUMBAI,MAHARASHTRA,MEGABOX,WEST,0,0,0,0,0,26.64,26.64,20.86,0,10.2,778908.66
2016,8,614471.41,614471.41,14829,14829,21002,MUMBAI,MAHARASHTRA,MEGABOX,WEST,0,0,0,0,0,17.34,16.22,18.03,8.14,12.1,782689.77
2016,9,645406.04,645406.04,14544,14544,21002,MUMBAI,MAHARASHTRA,MEGABOX,WEST,0,0,0,0,0,18.5,18.5,15.79,0,11.6,786470.88
2016,10,643452.48,643452.48,14893,14893,21002,MUMBAI,MAHARASHTRA,MEGABOX,WEST,0,0,0,0,0,20.21,20.21,16.17,0,11.3,790251.99
2016,11,622854.08,622854.08,14131,14131,21002,MUMBAI,MAHARASHTRA,MEGABOX,WEST,0,0,0,0,0,16.99,16.99,14.9,3.5,11.9,794033.1
2016,12,619197.08,619197.08,14947,14947,21002,MUMBAI,MAHARASHTRA,MEGABOX,WEST,0,0,0,0,0,18.21,19.21,17.1,0,11.8,797814.21
2016,13,622807.33,622807.33,14512,14512,21002,MUMBAI,MAHARASHTRA,MEGABOX,WEST,0,0,0,0,0,16.1,16.1,14.12,4.4,12.7,801595.32
2016,14,791756.42,791756.42,17192,17192,21002,MUMBAI,MAHARASHTRA,MEGABOX,WEST,0,0,0,0,0,17.61,17.61,14.76,0,11.9,805376.43
2016,15,521799.33,521799.33,12817,12817,21002,MUMBAI,MAHARASHTRA,MEGABOX,WEST,0,0,0,0,0,19.01,19.01,18.87,0,11.5,809157.54
2016,16,600889.08,600889.08,14206,14206,21002,MUMBAI,MAHARASHTRA,MEGABOX,WEST,0,0,0,0,0,24.12,27.78,25.99,0,9.5,812938.65
2016,17,585926.77,585926.77,13908,13908,21002,MUMBAI,MAHARASHTRA,MEGABOX,WEST,0,0,0,0,0,15.11,17.1,22.32,7.45,13.2,816719.76
2016,18,601634.12,601634.12,14348,14348,21002,MUMBAI,MAHARASHTRA,MEGABOX,WEST,0,0,0,0,0,25.12,23.21,24.36,0,11.3,820500.87
2016,19,639441.89,639441.89,15309,15309,21002,MUMBAI,MAHARASHTRA,MEGABOX,WEST,0,0,0,0,0,26.33,26.33,20.66,0,10.9,824281.98
2016,20,596817.66,596817.66,14182,14182,21002,MUMBAI,MAHARASHTRA,MEGABOX,WEST,0,0,0,0,0,24.12,24.12,19.21,2.13,11.9,828063.09
2016,21,574653.6,574653.6,13992,13992,21002,MUMBAI,MAHARASHTRA,MEGABOX,WEST,0,0,0,0,0,21.09,21.09,18.88,0.06,12,831844.2
2016,22,592922.32,592922.32,14376,14376,21002,MUMBAI,MAHARASHTRA,MEGABOX,WEST,0,0,0,0,0,23.13,23.13,17.33,0.3,11.8,835625.31
2016,23,606737.21,606737.21,14494,14494,21002,MUMBAI,MAHARASHTRA,MEGABOX,WEST,0,0,0,0,0,27.11,26.9,31.99,0,10.9,839406.42
2016,24,623670.37,623670.37,14257,14257,21002,MUMBAI,MAHARASHTRA,MEGABOX,WEST,0,0,0,0,0,23.27,23.27,28.58,1.78,11.1,843187.53
2016,25,621703.16,621703.16,14749,14749,21002,MUMBAI,MAHARASHTRA,MEGABOX,WEST,0,0,0,0,0,19.23,21.06,23.73,1.3,12.4,846968.64
2016,26,565106.15,565106.15,14142,14142,21002,MUMBAI,MAHARASHTRA,MEGABOX,WEST,0,0,0,0,0,21.25,21.25,24.99,0,12.3,850749.75
2016,27,632540.44,632540.44,14819,14819,21002,MUMBAI,MAHARASHTRA,MEGABOX,WEST,0,0,0,0,0,23.32,23.32,34.44,0,11.8,854530.86
2016,28,600073.22,600073.22,14274,14274,21002,MUMBAI,MAHARASHTRA,MEGABOX,WEST,0,0,0,0,0,20.45,21.18,32.66,1.45,12.1,858311.97
2016,29,600070.12,600070.12,14180,14180,21002,MUMBAI,MAHARASHTRA,MEGABOX,WEST,0,0,0,0,0,22.56,22.56,31.11,0,12,862093.08
2016,30,577854.67,577854.67,14007,14007,21002,MUMBAI,MAHARASHTRA,MEGABOX,WEST,0,0,0,0,0,20.98,20.98,33.85,0.7,12.2,865874.19
2016,31,628920.2,628920.2,14538,14538,21002,MUMBAI,MAHARASHTRA,MEGABOX,WEST,0,0,0,0,0,23.11,22.23,33.99,0,11.7,869655.3
2016,32,717766.01,717766.01,16523,16523,21002,MUMBAI,MAHARASHTRA,MEGABOX,WEST,0,0,0,0,0,26.12,25.12,35.99,0,10.8,873436.41
2016,33,631864.54,631864.54,14703,14703,21002,MUMBAI,MAHARASHTRA,MEGABOX,WEST,0,0,0,0,0,21.89,21.89,33.46,3.41,12,877217.52
2016,34,620249.39,620249.39,14118,14118,21002,MUMBAI,MAHARASHTRA,MEGABOX,WEST,0,0,0,0,0,22.34,21.23,30.1,1.09,12.2,880998.63
2016,35,555295.62,555295.62,13568,13568,21002,MUMBAI,MAHARASHTRA,MEGABOX,WEST,0,0,0,0,0,21.78,21.78,31.91,0,12.1,884779.74
2016,36,617292.04,NA,NA,14488,21002,MUMBAI,MAHARASHTRA,MEGABOX,WEST,0,0,0,0,0,23.11,22.09,32.82,0,11.9,888560.85
2016,37,605929.2,NA,NA,14026,21002,MUMBAI,MAHARASHTRA,MEGABOX,WEST,0,0,0,0,0,24.21,24.21,30.53,0.01,11.8,892341.96
2016,38,574302.53,574302.53,14207,14207,21002,MUMBAI,MAHARASHTRA,MEGABOX,WEST,0,0,0,0,0,22.13,19.87,31.19,3.1,12.1,896123.07
2016,39,567229.44,567229.44,13910,13910,21002,MUMBAI,MAHARASHTRA,MEGABOX,WEST,0,0,0,0,0,18.34,18.34,28.48,0.45,12.2,899904.18
2016,40,601346.16,601346.16,14369,14369,21002,MUMBAI,MAHARASHTRA,MEGABOX,WEST,0,0,0,0,0,21.34,21.34,30.38,0,11.5,903685.29
2016,41,613010.59,613010.59,14815,14815,21002,MUMBAI,MAHARASHTRA,MEGABOX,WEST,0,0,0,0,0,18.94,18.94,27.79,1.55,11.9,907466.4
2016,42,582186.65,582186.65,13507,13507,21002,MUMBAI,MAHARASHTRA,MEGABOX,WEST,0,0,0,0,0,20.32,20.32,29.71,0.21,11.6,911247.51
2016,43,584070.77,584070.77,14178,14178,21002,MUMBAI,MAHARASHTRA,MEGABOX,WEST,0,0,0,0,0,18.85,18.85,23.73,1.21,11.8,915028.62
2016,44,629952.37,629952.37,15102,15102,21002,MUMBAI,MAHARASHTRA,MEGABOX,WEST,0,0,0,0,0,20.02,20.02,25.16,0.05,11.5,918809.73
2016,45,657555.12,657555.12,15121,15121,21002,MUMBAI,MAHARASHTRA,MEGABOX,WEST,0,0,0,0,0,26.17,22.1,27.11,0,11,922590.84
2016,46,864082.46,864082.46,15053,15053,21002,MUMBAI,MAHARASHTRA,MEGABOX,WEST,0,0,1,0,0,21.65,21.65,23.67,2.3,11.1,926371.95
2016,47,637718.59,637718.59,14532,14532,21002,MUMBAI,MAHARASHTRA,MEGABOX,WEST,0,0,0,0,0,22.11,22.11,27.99,0,10.9,930153.06
2016,48,1136270.83,1136270.83,17875,17875,21002,MUMBAI,MAHARASHTRA,MEGABOX,WEST,0,0,0,1,0,28.12,28.12,30.66,0,5,933934.17
2016,49,723627.11,723627.11,15961,15961,21002,MUMBAI,MAHARASHTRA,MEGABOX,WEST,0,0,0,0,0,16.33,25.12,24,6.23,9,937715.28
2016,50,885635.33,885635.33,17382,17382,21002,MUMBAI,MAHARASHTRA,MEGABOX,WEST,0,0,0,0,0,27.62,29.13,25.99,0.32,7.1,941496.39
2016,51,950486.41,950486.41,20232,20232,21002,MUMBAI,MAHARASHTRA,MEGABOX,WEST,0,0,0,0,0,29.13,34.57,30.21,0,5.1,945277.5
2016,52,1194569.89,1194569.89,22202,22202,21002,MUMBAI,MAHARASHTRA,MEGABOX,WEST,0,0,0,0,1,35.13,35.13,32.16,0,4.8,949058.61
2016,1,1667374.67,1667374.67,15659,15659,21003,PUNE,MAHARASHTRA,MEGABOX,WEST,1,0,0,0,0,18.51,26,17.24,0,11.3,565825
2016,2,665431.89,665431.89,15255,15255,21003,PUNE,MAHARASHTRA,MEGABOX,WEST,0,0,0,0,0,17.23,18.1,14.49,5.1,12.1,568654.125
2016,3,618579.67,618579.67,14445,14445,21003,PUNE,MAHARASHTRA,MEGABOX,WEST,0,0,0,0,0,16.22,16.11,13.14,3.2,12.5,571483.25
2016,4,597566.04,597566.04,14192,14192,21003,PUNE,MAHARASHTRA,MEGABOX,WEST,0,0,0,0,0,16.33,15.22,13.91,2.3,12.8,574312.375
2016,5,595628.49,595628.49,13717,13717,21003,PUNE,MAHARASHTRA,MEGABOX,WEST,0,0,0,0,0,17.65,17.65,15.14,0,12.2,577141.5
2016,6,679581.34,679581.34,15218,15218,21003,PUNE,MAHARASHTRA,MEGABOX,WEST,0,0,0,0,0,18.2,18.2,15.58,0,12,579970.625
2016,7,745416.87,745416.87,16644,16644,21003,PUNE,MAHARASHTRA,MEGABOX,WEST,0,1,0,0,0,26.64,26.64,21.24,0,10.2,582799.75
2016,8,654071.68,654071.68,14904,14904,21003,PUNE,MAHARASHTRA,MEGABOX,WEST,0,0,0,0,0,17.34,16.22,19.91,8.14,12.1,585628.875
2016,9,647404.54,647404.54,14765,14765,21003,PUNE,MAHARASHTRA,MEGABOX,WEST,0,0,0,0,0,18.5,18.5,16.25,0,11.6,588458
2016,10,702093.66,702093.66,15530,15530,21003,PUNE,MAHARASHTRA,MEGABOX,WEST,0,0,0,0,0,20.21,20.21,17.02,0,11.3,591287.125
2016,11,677648.87,677648.87,14934,14934,21003,PUNE,MAHARASHTRA,MEGABOX,WEST,0,0,0,0,0,16.99,16.99,14.9,3.5,11.9,594116.25
2016,12,668693.48,668693.48,15180,15180,21003,PUNE,MAHARASHTRA,MEGABOX,WEST,0,0,0,0,0,18.21,19.21,19.1,0,11.8,596945.375
2016,13,784536.93,784536.93,17074,17074,21003,PUNE,MAHARASHTRA,MEGABOX,WEST,0,0,0,0,0,16.1,16.1,15.47,4.4,12.7,599774.5
2016,14,548710.89,548710.89,12604,12604,21003,PUNE,MAHARASHTRA,MEGABOX,WEST,0,0,0,0,0,17.61,17.61,14.74,0,11.9,602603.625
2016,15,654636.93,654636.93,14808,14808,21003,PUNE,MAHARASHTRA,MEGABOX,WEST,0,0,0,0,0,19.01,19.01,19.4,0,11.5,605432.75
2016,16,624528.59,624528.59,14474,14474,21003,PUNE,MAHARASHTRA,MEGABOX,WEST,0,0,0,0,0,24.12,27.78,24.22,0,9.5,608261.875
2016,17,594936.98,594936.98,14160,14160,21003,PUNE,MAHARASHTRA,MEGABOX,WEST,0,0,0,0,0,15.11,17.1,22.12,7.45,13.2,611091
2016,18,605787.71,605787.71,13927,13927,21003,PUNE,MAHARASHTRA,MEGABOX,WEST,0,0,0,0,0,25.12,23.21,25.28,0,11.3,613920.125
2016,19,671859.64,671859.64,15503,15503,21003,PUNE,MAHARASHTRA,MEGABOX,WEST,0,0,0,0,0,26.33,26.33,21.51,0,10.9,616749.25
2016,20,620320.28,620320.28,14374,14374,21003,PUNE,MAHARASHTRA,MEGABOX,WEST,0,0,0,0,0,24.12,24.12,19.69,2.13,11.9,619578.375
2016,21,593425.13,593425.13,14095,14095,21003,PUNE,MAHARASHTRA,MEGABOX,WEST,0,0,0,0,0,21.09,21.09,19.25,0.06,12,622407.5
2016,22,617299.06,617299.06,14485,14485,21003,PUNE,MAHARASHTRA,MEGABOX,WEST,0,0,0,0,0,23.13,23.13,17.79,0.3,11.8,625236.625
2016,23,651950.57,651950.57,14672,14672,21003,PUNE,MAHARASHTRA,MEGABOX,WEST,0,0,0,0,0,27.11,26.9,30.02,0,10.9,628065.75
2016,24,656408.63,656408.63,14865,14865,21003,PUNE,MAHARASHTRA,MEGABOX,WEST,0,0,0,0,0,23.27,23.27,27.69,1.78,11.1,630894.875
2016,25,667142.32,667142.32,14940,14940,21003,PUNE,MAHARASHTRA,MEGABOX,WEST,0,0,0,0,0,19.23,21.06,20.8,1.3,12.4,633724
2016,26,605070.68,605070.68,14165,14165,21003,PUNE,MAHARASHTRA,MEGABOX,WEST,0,0,0,0,0,21.25,21.25,24.87,0,12.3,636553.125
2016,27,625468.22,625468.22,14404,14404,21003,PUNE,MAHARASHTRA,MEGABOX,WEST,0,0,0,0,0,23.32,23.32,34.11,0,11.8,639382.25
2016,28,617162.64,617162.64,14590,14590,21003,PUNE,MAHARASHTRA,MEGABOX,WEST,0,0,0,0,0,20.45,21.18,33.56,1.45,12.1,642211.375
2016,29,605976.02,605976.02,14258,14258,21003,PUNE,MAHARASHTRA,MEGABOX,WEST,0,0,0,0,0,22.56,22.56,31.88,0,12,645040.5
2016,30,594847.25,594847.25,13827,13827,21003,PUNE,MAHARASHTRA,MEGABOX,WEST,0,0,0,0,0,20.98,20.98,33.65,0.7,12.2,647869.625
2016,31,638745.03,638745.03,14184,14184,21003,PUNE,MAHARASHTRA,MEGABOX,WEST,0,0,0,0,0,23.11,22.23,34.35,0,11.7,650698.75
2016,32,729014.48,729014.48,15927,15927,21003,PUNE,MAHARASHTRA,MEGABOX,WEST,0,0,0,0,0,26.12,25.12,36.24,0,10.8,653527.875
2016,33,652349.54,652349.54,14850,14850,21003,PUNE,MAHARASHTRA,MEGABOX,WEST,0,0,0,0,0,21.89,21.89,33.45,3.41,12,656357
2016,34,627323.94,627323.94,14415,14415,21003,PUNE,MAHARASHTRA,MEGABOX,WEST,0,0,0,0,0,22.34,21.23,29.7,1.09,12.2,659186.125
2016,35,575446.59,575446.59,13591,13591,21003,PUNE,MAHARASHTRA,MEGABOX,WEST,0,0,0,0,0,21.78,21.78,31.88,0,12.1,662015.25
2016,36,642208.08,NA,NA,14392,21003,PUNE,MAHARASHTRA,MEGABOX,WEST,0,0,0,0,0,23.11,22.09,33.21,0,11.9,664844.375
2016,37,640215.93,NA,NA,14355,21003,PUNE,MAHARASHTRA,MEGABOX,WEST,0,0,0,0,0,24.21,24.21,30.56,0.01,11.8,667673.5
2016,38,619415.85,619415.85,14542,14542,21003,PUNE,MAHARASHTRA,MEGABOX,WEST,0,0,0,0,0,22.13,19.87,32.02,3.1,12.1,670502.625
2016,39,600897.9,600897.9,14296,14296,21003,PUNE,MAHARASHTRA,MEGABOX,WEST,0,0,0,0,0,18.34,18.34,29.34,0.45,12.2,673331.75
2016,40,607854.75,607854.75,14343,14343,21003,PUNE,MAHARASHTRA,MEGABOX,WEST,0,0,0,0,0,21.34,21.34,31.02,0,11.5,676160.875
2016,41,645724.3,645724.3,15028,15028,21003,PUNE,MAHARASHTRA,MEGABOX,WEST,0,0,0,0,0,18.94,18.94,26.91,1.55,11.9,678990
2016,42,597290.69,597290.69,14012,14012,21003,PUNE,MAHARASHTRA,MEGABOX,WEST,0,0,0,0,0,20.32,20.32,28.88,0.21,11.6,681819.125
2016,43,621439.87,621439.87,14660,14660,21003,PUNE,MAHARASHTRA,MEGABOX,WEST,0,0,0,0,0,18.85,18.85,24.78,1.21,11.8,684648.25
2016,44,653632.93,653632.93,15545,15545,21003,PUNE,MAHARASHTRA,MEGABOX,WEST,0,0,0,0,0,20.02,20.02,25.35,0.05,11.5,687477.375
2016,45,667891.75,667891.75,15902,15902,21003,PUNE,MAHARASHTRA,MEGABOX,WEST,0,0,0,0,0,26.17,22.1,27.14,0,11,690306.5
2016,46,896706.31,896706.31,15716,15716,21003,PUNE,MAHARASHTRA,MEGABOX,WEST,0,0,1,0,0,21.65,21.65,25.35,2.3,11.1,693135.625
2016,47,673658.95,673658.95,15330,15330,21003,PUNE,MAHARASHTRA,MEGABOX,WEST,0,0,0,0,0,22.11,22.11,28.47,0,10.9,695964.75
2016,48,1078652.63,1078652.63,18391,18391,21003,PUNE,MAHARASHTRA,MEGABOX,WEST,0,0,0,1,0,28.12,28.12,32.02,0,5,698793.875
2016,49,769738.16,769738.16,16235,16235,21003,PUNE,MAHARASHTRA,MEGABOX,WEST,0,0,0,0,0,16.33,25.12,24.97,6.23,9,701623
2016,50,798242.68,798242.68,17644,17644,21003,PUNE,MAHARASHTRA,MEGABOX,WEST,0,0,0,0,0,27.62,29.13,26.62,0.32,7.1,704452.125
2016,51,891819.5,891819.5,19653,19653,21003,PUNE,MAHARASHTRA,MEGABOX,WEST,0,0,0,0,0,29.13,34.57,30.39,0,5.1,707281.25
2016,52,1457181.95,1457181.95,25637,25637,21003,PUNE,MAHARASHTRA,MEGABOX,WEST,0,0,0,0,1,35.13,35.13,32.65,0,4.8,710110.375
2016,1,172063.76,172063.76,3730,3730,21004,CHANDIGARH,PUNJAB,MEDIUMBOX,NORTH,1,0,0,0,0,,10.1,8,0,6,150000
2016,2,123628.49,123628.49,2915,2915,21004,CHANDIGARH,PUNJAB,MEDIUMBOX,NORTH,0,0,0,0,0,,7.1,5.2,7.5,10,150750
2016,3,122272.18,122272.18,2866,2866,21004,CHANDIGARH,PUNJAB,MEDIUMBOX,NORTH,0,0,0,0,0,,6.8,5.2,0,10.3,151500
2016,4,124754.28,124754.28,2990,2990,21004,CHANDIGARH,PUNJAB,MEDIUMBOX,NORTH,0,0,0,0,0,,7.2,5.07,0,8.6,152250
2016,5,136775.8,136775.8,3001,3001,21004,CHANDIGARH,PUNJAB,MEDIUMBOX,NORTH,0,0,0,0,0,,9.2,7.1,0,6,153000
2016,6,125680.05,125680.05,2785,2785,21004,CHANDIGARH,PUNJAB,MEDIUMBOX,NORTH,0,0,0,0,0,,7.3,5.4,0,8,153750
2016,7,148130.01,148130.01,3295,3295,21004,CHANDIGARH,PUNJAB,MEDIUMBOX,NORTH,0,1,0,0,0,,9.5,7.9,4.5,5,154500
2016,8,117547.27,117547.27,2635,2635,21004,CHANDIGARH,PUNJAB,MEDIUMBOX,NORTH,0,0,0,0,0,,5.9,3.77,0,9,155250
2016,9,136758.03,136758.03,3052,3052,21004,CHANDIGARH,PUNJAB,MEDIUMBOX,NORTH,0,0,0,0,0,,8.4,6.3,6,7,156000
2016,10,129435.44,NA,NA,2919,21004,CHANDIGARH,PUNJAB,MEDIUMBOX,NORTH,0,0,0,0,0,,7.1,5.2,0,8,156750
2016,11,127920.06,NA,NA,2881,21004,CHANDIGARH,PUNJAB,MEDIUMBOX,NORTH,0,0,0,0,0,,6.8,5.2,0,8.5,157500
2016,12,121400.45,121400.45,2858,2858,21004,CHANDIGARH,PUNJAB,MEDIUMBOX,NORTH,0,0,0,0,0,,6.1,3.97,0,11,158250
2016,13,125360.64,125360.64,2891,2891,21004,CHANDIGARH,PUNJAB,MEDIUMBOX,NORTH,0,0,0,0,0,,6.3,4.2,0,10.3,159000
2016,14,124227.96,124227.96,2948,2948,21004,CHANDIGARH,PUNJAB,MEDIUMBOX,NORTH,0,0,0,0,0,,6.1,4.2,0.19,10.7,159750
2016,15,130343.59,130343.59,2995,2995,21004,CHANDIGARH,PUNJAB,MEDIUMBOX,NORTH,0,0,0,0,0,,6.5,4.9,0.12,8,160500
2016,16,163887.6,163887.6,3582,3582,21004,CHANDIGARH,PUNJAB,MEDIUMBOX,NORTH,0,0,0,0,0,,11.1,8.97,0.06,5,161250
2016,17,105652.5,105652.5,2665,2665,21004,CHANDIGARH,PUNJAB,MEDIUMBOX,NORTH,0,0,0,0,0,,5.2,3.1,0.13,11,162000
2016,18,118791.99,118791.99,2893,2893,21004,CHANDIGARH,PUNJAB,MEDIUMBOX,NORTH,0,0,0,0,0,,6.5,4.6,0.08,9,162750
2016,19,128584.7,128584.7,3077,3077,21004,CHANDIGARH,PUNJAB,MEDIUMBOX,NORTH,0,0,0,0,0,,7.4,5.8,0.71,8,163500
2016,20,120295.53,120295.53,2932,2932,21004,CHANDIGARH,PUNJAB,MEDIUMBOX,NORTH,0,0,0,0,0,,6.6,4.47,0.39,10,164250
2016,21,138187.9,138187.9,3157,3157,21004,CHANDIGARH,PUNJAB,MEDIUMBOX,NORTH,0,0,0,0,0,,7.9,5.8,0.02,8,165000
2016,22,144534.72,144534.72,3332,3332,21004,CHANDIGARH,PUNJAB,MEDIUMBOX,NORTH,0,0,0,0,0,,8.5,6.6,0.65,7.3,165750
2016,23,144146.67,144146.67,3396,3396,21004,CHANDIGARH,PUNJAB,MEDIUMBOX,NORTH,0,0,0,0,0,,8.4,6.8,1.61,7.4,166500
2016,24,156477.53,156477.53,3603,3603,21004,CHANDIGARH,PUNJAB,MEDIUMBOX,NORTH,0,0,0,0,0,,9.3,7.17,0.91,5.5,167250
2016,25,139188.88,139188.88,3313,3313,21004,CHANDIGARH,PUNJAB,MEDIUMBOX,NORTH,0,0,0,0,0,,8,5.9,0.81,7.3,168000
2016,26,138567.26,138567.26,3339,3339,21004,CHANDIGARH,PUNJAB,MEDIUMBOX,NORTH,0,0,0,0,0,,7.9,6,0.48,7.8,168750
2016,27,162346.54,162346.54,3663,3663,21004,CHANDIGARH,PUNJAB,MEDIUMBOX,NORTH,0,0,0,0,0,,10.1,8.5,0.31,5,169500
2016,28,155824.53,155824.53,3592,3592,21004,CHANDIGARH,PUNJAB,MEDIUMBOX,NORTH,0,0,0,0,0,,9.4,7.27,0.53,6,170250
2016,29,147382.67,147382.67,3504,3504,21004,CHANDIGARH,PUNJAB,MEDIUMBOX,NORTH,0,0,0,0,0,,8.8,6.7,0.11,7,171000
2016,30,150178.8,150178.8,3562,3562,21004,CHANDIGARH,PUNJAB,MEDIUMBOX,NORTH,0,0,0,0,0,,9,7.1,0.52,6,171750
2016,31,149002.74,149002.74,3574,3574,21004,CHANDIGARH,PUNJAB,MEDIUMBOX,NORTH,0,0,0,0,0,,8.9,7.3,0.42,5.4,172500
2016,32,152377.93,152377.93,3534,3534,21004,CHANDIGARH,PUNJAB,MEDIUMBOX,NORTH,0,0,0,0,0,,9.3,7.17,0,5,173250
2016,33,152444.6,152444.6,3479,3479,21004,CHANDIGARH,PUNJAB,MEDIUMBOX,NORTH,0,0,0,0,0,,9.31,7.21,0.45,4.9,174000
2016,34,162282.19,162282.19,3641,3641,21004,CHANDIGARH,PUNJAB,MEDIUMBOX,NORTH,0,0,0,0,0,,9.9,8,0.64,3,174750
2016,35,161604.93,161604.93,3647,3647,21004,CHANDIGARH,PUNJAB,MEDIUMBOX,NORTH,0,0,0,0,0,,9.8,8.2,0.47,3.2,175500
2016,36,150946.26,150946.26,3411,3411,21004,CHANDIGARH,PUNJAB,MEDIUMBOX,NORTH,0,0,0,0,0,,8.9,6.77,0.14,5,176250
2016,37,135143.2,135143.2,3193,3193,21004,CHANDIGARH,PUNJAB,MEDIUMBOX,NORTH,0,0,0,0,0,,7.8,5.7,0.44,8,177000
2016,38,132891.06,132891.06,3183,3183,21004,CHANDIGARH,PUNJAB,MEDIUMBOX,NORTH,0,0,0,0,0,,7.5,5.6,0,9,177750
2016,39,123358.63,123358.63,3040,3040,21004,CHANDIGARH,PUNJAB,MEDIUMBOX,NORTH,0,0,0,0,0,,6.6,5,0.06,11,178500
2016,40,143761.66,143761.66,3305,3305,21004,CHANDIGARH,PUNJAB,MEDIUMBOX,NORTH,0,0,0,0,0,,8.8,6.67,0.12,8,179250
2016,41,128872.81,128872.81,3124,3124,21004,CHANDIGARH,PUNJAB,MEDIUMBOX,NORTH,0,0,0,0,0,,6.9,4.8,0,11,180000
2016,42,138939.17,138939.17,3290,3290,21004,CHANDIGARH,PUNJAB,MEDIUMBOX,NORTH,0,0,0,0,0,,7.9,6,0.08,9,180750
2016,43,126513.05,126513.05,3072,3072,21004,CHANDIGARH,PUNJAB,MEDIUMBOX,NORTH,0,0,0,0,0,,6.6,5,0.02,11,181500
2016,44,185474.14,185474.14,3509,3509,21004,CHANDIGARH,PUNJAB,MEDIUMBOX,NORTH,0,0,1,0,0,,8,5.87,0.04,7.3,182250
2016,45,134641.74,134641.74,3236,3236,21004,CHANDIGARH,PUNJAB,MEDIUMBOX,NORTH,0,0,0,0,0,,6.5,4.4,0.01,11,183000
2016,46,141329.17,141329.17,3090,3090,21004,CHANDIGARH,PUNJAB,MEDIUMBOX,NORTH,0,0,0,0,0,,7.1,5.2,0,9.3,183750
2016,47,145469.38,145469.38,3184,3184,21004,CHANDIGARH,PUNJAB,MEDIUMBOX,NORTH,0,0,0,0,0,,7.5,5.9,0,8.3,184500
2016,48,203775.97,203775.97,4219,4219,21004,CHANDIGARH,PUNJAB,MEDIUMBOX,NORTH,0,0,0,1,0,,20,17.87,0,4,185250
2016,49,140679.25,140679.25,3572,3572,21004,CHANDIGARH,PUNJAB,MEDIUMBOX,NORTH,0,0,0,0,0,,14,11.9,0,7.9,186000
2016,50,147509.12,147509.12,4009,4009,21004,CHANDIGARH,PUNJAB,MEDIUMBOX,NORTH,0,0,0,0,0,,16.3,14.4,0,6.5,186750
2016,51,151761.28,151761.28,4825,4825,21004,CHANDIGARH,PUNJAB,MEDIUMBOX,NORTH,0,0,0,0,0,,20.1,18.5,0,6,187500
2016,52,232387.93,232387.93,5453,5453,21004,CHANDIGARH,PUNJAB,MEDIUMBOX,NORTH,0,0,0,0,1,,22.4,20.27,0,3,188250
2016,1,195947.76,195947.76,2851,2851,21005,GURGAON,HARYANA,MEDIUMBOX,NORTH,1,0,0,0,0,,10.1,8,0,2,125000
2016,2,73829.17,73829.17,1994,1994,21005,GURGAON,HARYANA,MEDIUMBOX,NORTH,0,0,0,0,0,,7.1,5.2,0,7.9,125625
2016,3,86842.02,86842.02,2206,2206,21005,GURGAON,HARYANA,MEDIUMBOX,NORTH,0,0,0,0,0,,6.8,5.2,0,5,126250
2016,4,83363.15,83363.15,2146,2146,21005,GURGAON,HARYANA,MEDIUMBOX,NORTH,0,0,0,0,0,,7.2,5.07,0,6.2,126875
2016,5,86828.82,86828.82,2075,2075,21005,GURGAON,HARYANA,MEDIUMBOX,NORTH,0,0,0,0,0,,9.2,7.1,0,5,127500
2016,6,73337.5,73337.5,1751,1751,21005,GURGAON,HARYANA,MEDIUMBOX,NORTH,0,0,0,0,0,,7.3,5.4,0,8,128125
2016,7,128330.86,128330.86,2681,2681,21005,GURGAON,HARYANA,MEDIUMBOX,NORTH,0,1,0,0,0,,9.5,7.9,0,3,128750
2016,8,96038.22,96038.22,2222,2222,21005,GURGAON,HARYANA,MEDIUMBOX,NORTH,0,0,0,0,0,,5.9,3.77,0,6,129375
2016,9,99472.65,99472.65,2484,2484,21005,GURGAON,HARYANA,MEDIUMBOX,NORTH,0,0,0,0,0,,8.4,6.3,0,5.2,130000
2016,10,95753.84,NA,NA,2204,21005,GURGAON,HARYANA,MEDIUMBOX,NORTH,0,0,0,0,0,,7.1,5.2,0,6,130625
2016,11,101096.96,NA,NA,2369,21005,GURGAON,HARYANA,MEDIUMBOX,NORTH,0,0,0,0,0,,6.8,5.2,0,5,131250
2016,12,115127.37,115127.37,2667,2667,21005,GURGAON,HARYANA,MEDIUMBOX,NORTH,0,0,0,0,0,,6.1,3.97,0,3,131875
2016,13,90103.45,90103.45,2114,2114,21005,GURGAON,HARYANA,MEDIUMBOX,NORTH,0,0,0,0,0,,6.3,4.2,0,7,132500
2016,14,102041.73,102041.73,2560,2560,21005,GURGAON,HARYANA,MEDIUMBOX,NORTH,0,0,0,0,0,,6.1,4.2,0.03,5,133125
2016,15,93427.92,93427.92,2183,2183,21005,GURGAON,HARYANA,MEDIUMBOX,NORTH,0,0,0,0,0,,6.5,4.9,0,6.5,133750
2016,16,123501.39,123501.39,2753,2753,21005,GURGAON,HARYANA,MEDIUMBOX,NORTH,0,0,0,0,0,,11.1,8.97,0,3,134375
2016,17,74688.69,74688.69,1927,1927,21005,GURGAON,HARYANA,MEDIUMBOX,NORTH,0,0,0,0,0,,5.2,3.1,0.28,8,135000
2016,18,85614.34,85614.34,2099,2099,21005,GURGAON,HARYANA,MEDIUMBOX,NORTH,0,0,0,0,0,,6.5,4.6,0,6.4,135625
2016,19,102590.53,102590.53,2382,2382,21005,GURGAON,HARYANA,MEDIUMBOX,NORTH,0,0,0,0,0,,7.4,5.8,0.02,5.2,136250
2016,20,86385.7,86385.7,2164,2164,21005,GURGAON,HARYANA,MEDIUMBOX,NORTH,0,0,0,0,0,,6.6,4.47,0.68,7,136875
2016,21,103662.64,103662.64,2567,2567,21005,GURGAON,HARYANA,MEDIUMBOX,NORTH,0,0,0,0,0,,7.9,5.8,0.62,5,137500
2016,22,101453.05,101453.05,2407,2407,21005,GURGAON,HARYANA,MEDIUMBOX,NORTH,0,0,0,0,0,,8.5,6.6,0.74,5.8,138125
2016,23,100466.85,100466.85,2321,2321,21005,GURGAON,HARYANA,MEDIUMBOX,NORTH,0,0,0,0,0,,8.4,6.8,0.16,6,138750
2016,24,104852.43,104852.43,2443,2443,21005,GURGAON,HARYANA,MEDIUMBOX,NORTH,0,0,0,0,0,,9.3,7.17,0.24,5,139375
2016,25,92529.26,92529.26,2283,2283,21005,GURGAON,HARYANA,MEDIUMBOX,NORTH,0,0,0,0,0,,8,5.9,0.06,8,140000
2016,26,100896.3,100896.3,2525,2525,21005,GURGAON,HARYANA,MEDIUMBOX,NORTH,0,0,0,0,0,,7.9,6,0.15,6,140625
2016,27,90499.47,90499.47,2221,2221,21005,GURGAON,HARYANA,MEDIUMBOX,NORTH,0,0,0,0,0,,10.1,8.5,0.21,9,141250
2016,28,98236.97,98236.97,2314,2314,21005,GURGAON,HARYANA,MEDIUMBOX,NORTH,0,0,0,0,0,,9.4,7.27,0.33,7.2,141875
2016,29,103400.74,103400.74,2571,2571,21005,GURGAON,HARYANA,MEDIUMBOX,NORTH,0,0,0,0,0,,8.8,6.7,0.37,5.5,142500
2016,30,102769.04,102769.04,2397,2397,21005,GURGAON,HARYANA,MEDIUMBOX,NORTH,0,0,0,0,0,,9,7.1,0.55,5.6,143125
2016,31,111853.01,111853.01,2595,2595,21005,GURGAON,HARYANA,MEDIUMBOX,NORTH,0,0,0,0,0,,8.9,7.3,0.07,4,143750
2016,32,126493.2,126493.2,2760,2760,21005,GURGAON,HARYANA,MEDIUMBOX,NORTH,0,0,0,0,0,,9.3,7.17,0.1,2,144375
2016,33,129346.53,129346.53,2923,2923,21005,GURGAON,HARYANA,MEDIUMBOX,NORTH,0,0,0,0,0,,9.31,7.21,0.24,1.8,145000
2016,34,103944.37,103944.37,2450,2450,21005,GURGAON,HARYANA,MEDIUMBOX,NORTH,0,0,0,0,0,,9.9,8,0.74,5,145625
2016,35,90609.63,90609.63,2304,2304,21005,GURGAON,HARYANA,MEDIUMBOX,NORTH,0,0,0,0,0,,9.8,8.2,0.47,6.8,146250
2016,36,84663.81,84663.81,2182,2182,21005,GURGAON,HARYANA,MEDIUMBOX,NORTH,0,0,0,0,0,,8.9,6.77,0.03,7.4,146875
2016,37,88930.88,88930.88,2117,2117,21005,GURGAON,HARYANA,MEDIUMBOX,NORTH,0,0,0,0,0,,7.8,5.7,1.51,6.2,147500
2016,38,82970.82,82970.82,2078,2078,21005,GURGAON,HARYANA,MEDIUMBOX,NORTH,0,0,0,0,0,,7.5,5.6,0.3,7.5,148125
2016,39,84144.44,84144.44,2071,2071,21005,GURGAON,HARYANA,MEDIUMBOX,NORTH,0,0,0,0,0,,6.6,5,0.45,7,148750
2016,40,99876.71,99876.71,2515,2515,21005,GURGAON,HARYANA,MEDIUMBOX,NORTH,0,0,0,0,0,,8.8,6.67,0,9.8,149375
2016,41,90269.28,90269.28,2185,2185,21005,GURGAON,HARYANA,MEDIUMBOX,NORTH,0,0,0,0,0,,6.9,4.8,0.14,12,150000
2016,42,96099.66,96099.66,2361,2361,21005,GURGAON,HARYANA,MEDIUMBOX,NORTH,0,0,0,0,0,,7.9,6,0.03,6.4,150625
2016,43,86471.82,86471.82,2135,2135,21005,GURGAON,HARYANA,MEDIUMBOX,NORTH,0,0,0,0,0,,6.6,5,0.06,8.8,151250
2016,44,99230.4,99230.4,2497,2497,21005,GURGAON,HARYANA,MEDIUMBOX,NORTH,0,0,0,0,0,,8,5.87,0.02,6,151875
2016,45,170127.02,170127.02,2378,2378,21005,GURGAON,HARYANA,MEDIUMBOX,NORTH,0,0,1,0,0,,6.5,4.4,0.09,2,152500
2016,46,113537.55,113537.55,2410,2410,21005,GURGAON,HARYANA,MEDIUMBOX,NORTH,0,0,0,0,0,,7.1,5.2,0,5.5,153125
2016,47,122732.38,122732.38,2585,2585,21005,GURGAON,HARYANA,MEDIUMBOX,NORTH,0,0,0,0,0,,7.5,5.9,0.76,4,153750
2016,48,195434.12,195434.12,4330,4330,21005,GURGAON,HARYANA,MEDIUMBOX,NORTH,0,0,0,1,0,,20,17.87,0,1.1,154375
2016,49,148842.98,148842.98,2965,2965,21005,GURGAON,HARYANA,MEDIUMBOX,NORTH,0,0,0,0,0,,14,11.9,0.03,3.5,155000
2016,50,158587.51,158587.51,3789,3789,21005,GURGAON,HARYANA,MEDIUMBOX,NORTH,0,0,0,0,0,,16.3,14.4,0.08,3,155625
2016,51,159313.7,159313.7,4521,4521,21005,GURGAON,HARYANA,MEDIUMBOX,NORTH,0,0,0,0,0,,20.1,18.5,0.06,2.9,156250
2016,52,208829.53,208829.53,4754,4754,21005,GURGAON,HARYANA,MEDIUMBOX,NORTH,0,0,0,0,1,,22.4,20.27,0,0.4,156875
2016,1,199527.8,199527.8,3499,3499,21006,BHOPAL,MADHYAPRADESH,MEDIUMBOX,CENTRAL,1,0,0,0,0,,16,13.9,0.63,5,115230
2016,2,99353.23,99353.23,2818,2818,21006,BHOPAL,MADHYAPRADESH,MEDIUMBOX,CENTRAL,0,0,0,0,0,,7.1,5.2,0.17,9.5,115806.15
2016,3,101476.24,101476.24,2738,2738,21006,BHOPAL,MADHYAPRADESH,MEDIUMBOX,CENTRAL,0,0,0,0,0,,8,6.4,0.07,9.4,116382.3
2016,4,100456.51,100456.51,2712,2712,21006,BHOPAL,MADHYAPRADESH,MEDIUMBOX,CENTRAL,0,0,0,0,0,,7.2,5.07,0.05,9.5,116958.45
2016,5,110870.09,110870.09,2856,2856,21006,BHOPAL,MADHYAPRADESH,MEDIUMBOX,CENTRAL,0,0,0,0,0,,10.5,8.4,0,8,117534.6
2016,6,115754.31,115754.31,2816,2816,21006,BHOPAL,MADHYAPRADESH,MEDIUMBOX,CENTRAL,0,0,0,0,0,,12,10.1,0,7.5,118110.75
2016,7,159951.29,159951.29,3792,3792,21006,BHOPAL,MADHYAPRADESH,MEDIUMBOX,CENTRAL,0,1,0,0,0,,16,14.4,0,5.1,118686.9
2016,8,230353.7,230353.7,3199,3199,21006,BHOPAL,MADHYAPRADESH,MEDIUMBOX,CENTRAL,0,0,0,0,0,,20,17.87,0.14,4.1,119263.05
2016,9,122769.14,122769.14,3072,3072,21006,BHOPAL,MADHYAPRADESH,MEDIUMBOX,CENTRAL,0,0,0,0,0,,12,9.9,0,9,119839.2
2016,10,131768.86,NA,NA,3177,21006,BHOPAL,MADHYAPRADESH,MEDIUMBOX,CENTRAL,0,0,0,0,0,,14,12.1,0,8.1,120415.35
2016,11,138315.81,NA,NA,3324,21006,BHOPAL,MADHYAPRADESH,MEDIUMBOX,CENTRAL,0,0,0,0,0,,15.5,13.9,0.07,7.5,120991.5
2016,12,142995.56,142995.56,3488,3488,21006,BHOPAL,MADHYAPRADESH,MEDIUMBOX,CENTRAL,0,0,0,0,0,,16.4,14.27,0.15,7.3,121567.65
2016,13,134957.02,134957.02,3210,3210,21006,BHOPAL,MADHYAPRADESH,MEDIUMBOX,CENTRAL,0,0,0,0,0,,14.2,12.1,0,8.1,122143.8
2016,14,145152.66,145152.66,3488,3488,21006,BHOPAL,MADHYAPRADESH,MEDIUMBOX,CENTRAL,0,0,0,0,0,,16.3,14.4,0,7.5,122719.95
2016,15,139796.81,139796.81,3375,3375,21006,BHOPAL,MADHYAPRADESH,MEDIUMBOX,CENTRAL,0,0,0,0,0,,14.9,13.3,0.02,7.7,123296.1
2016,16,178734.14,178734.14,4081,4081,21006,BHOPAL,MADHYAPRADESH,MEDIUMBOX,CENTRAL,0,0,0,0,0,,18.1,15.97,0,5,123872.25
2016,17,96422.58,96422.58,2671,2671,21006,BHOPAL,MADHYAPRADESH,MEDIUMBOX,CENTRAL,0,0,0,0,0,,14.2,12.1,0.02,9,124448.4
2016,18,127538.06,127538.06,3127,3127,21006,BHOPAL,MADHYAPRADESH,MEDIUMBOX,CENTRAL,0,0,0,0,0,,16,14.1,0.39,6.9,125024.55
2016,19,130351.41,130351.41,3250,3250,21006,BHOPAL,MADHYAPRADESH,MEDIUMBOX,CENTRAL,0,0,0,0,0,,16.3,14.7,0,6.5,125600.7
2016,20,127056.05,127056.05,3086,3086,21006,BHOPAL,MADHYAPRADESH,MEDIUMBOX,CENTRAL,0,0,0,0,0,,15.9,13.77,0,6.8,126176.85
2016,21,138504.27,138504.27,3275,3275,21006,BHOPAL,MADHYAPRADESH,MEDIUMBOX,CENTRAL,0,0,0,0,0,,17.4,15.3,0,5,126753
2016,22,138461.17,138461.17,3220,3220,21006,BHOPAL,MADHYAPRADESH,MEDIUMBOX,CENTRAL,0,0,0,0,0,,17.3,15.4,0.48,5.1,127329.15
2016,23,155538.16,155538.16,3487,3487,21006,BHOPAL,MADHYAPRADESH,MEDIUMBOX,CENTRAL,0,0,0,0,0,,19.9,18.3,1.14,4.2,127905.3
2016,24,154037.83,154037.83,3714,3714,21006,BHOPAL,MADHYAPRADESH,MEDIUMBOX,CENTRAL,0,0,0,0,0,,19.5,17.37,0.36,4.3,128481.45
2016,25,134758.78,134758.78,3260,3260,21006,BHOPAL,MADHYAPRADESH,MEDIUMBOX,CENTRAL,0,0,0,0,0,,16.8,14.7,1.61,6,129057.6
2016,26,138972.65,138972.65,3311,3311,21006,BHOPAL,MADHYAPRADESH,MEDIUMBOX,CENTRAL,0,0,0,0,0,,17.5,15.6,0.21,5.7,129633.75
2016,27,144884.53,144884.53,3359,3359,21006,BHOPAL,MADHYAPRADESH,MEDIUMBOX,CENTRAL,0,0,0,0,0,,18.1,16.5,0.61,5.4,130209.9
2016,28,153398.4,153398.4,3636,3636,21006,BHOPAL,MADHYAPRADESH,MEDIUMBOX,CENTRAL,0,0,0,0,0,,19.5,17.37,1.59,5.2,130786.05
2016,29,138321.38,138321.38,3491,3491,21006,BHOPAL,MADHYAPRADESH,MEDIUMBOX,CENTRAL,0,0,0,0,0,,17.3,15.2,1.44,7,131362.2
2016,30,127770.62,127770.62,3212,3212,21006,BHOPAL,MADHYAPRADESH,MEDIUMBOX,CENTRAL,0,0,0,0,0,,16.1,14.2,0.48,8,131938.35
2016,31,125903.91,125903.91,3137,3137,21006,BHOPAL,MADHYAPRADESH,MEDIUMBOX,CENTRAL,0,0,0,0,0,,15.5,13.9,0.38,8.4,132514.5
2016,32,132846.3,132846.3,3203,3203,21006,BHOPAL,MADHYAPRADESH,MEDIUMBOX,CENTRAL,0,0,0,0,0,,17.1,14.97,2.4,7.7,133090.65
2016,33,139944.59,139944.59,3350,3350,21006,BHOPAL,MADHYAPRADESH,MEDIUMBOX,CENTRAL,0,0,0,0,0,,19,16.9,0.22,7.2,133666.8
2016,34,147628.89,147628.89,3401,3401,21006,BHOPAL,MADHYAPRADESH,MEDIUMBOX,CENTRAL,0,0,0,0,0,,21,19.1,0.05,6.7,134242.95
2016,35,141684.05,141684.05,3230,3230,21006,BHOPAL,MADHYAPRADESH,MEDIUMBOX,CENTRAL,0,0,0,0,0,,18.3,16.7,0.01,7.5,134819.1
2016,36,140329.19,140329.19,3401,3401,21006,BHOPAL,MADHYAPRADESH,MEDIUMBOX,CENTRAL,0,0,0,0,0,,17.7,15.57,0.3,7.7,135395.25
2016,37,110891.09,110891.09,2899,2899,21006,BHOPAL,MADHYAPRADESH,MEDIUMBOX,CENTRAL,0,0,0,0,0,,15,12.9,0,10,135971.4
2016,38,110919.84,110919.84,2888,2888,21006,BHOPAL,MADHYAPRADESH,MEDIUMBOX,CENTRAL,0,0,0,0,0,,15.1,13.2,0.07,9.9,136547.55
2016,39,104543.56,104543.56,2769,2769,21006,BHOPAL,MADHYAPRADESH,MEDIUMBOX,CENTRAL,0,0,0,0,0,,13.7,12.1,0.06,10.4,137123.7
2016,40,110874.45,110874.45,2931,2931,21006,BHOPAL,MADHYAPRADESH,MEDIUMBOX,CENTRAL,0,0,0,0,0,,15.2,13.07,1.31,9.8,137699.85
2016,41,107197.06,107197.06,2809,2809,21006,BHOPAL,MADHYAPRADESH,MEDIUMBOX,CENTRAL,0,0,0,0,0,,13.7,11.6,0.46,10.4,138276
2016,42,117055.22,117055.22,2995,2995,21006,BHOPAL,MADHYAPRADESH,MEDIUMBOX,CENTRAL,0,0,0,0,0,,16.6,14.7,0.02,9,138852.15
2016,43,113785.66,113785.66,3008,3008,21006,BHOPAL,MADHYAPRADESH,MEDIUMBOX,CENTRAL,0,0,0,0,0,,14.2,12.6,0.63,9.5,139428.3
2016,44,115239.85,115239.85,3204,3204,21006,BHOPAL,MADHYAPRADESH,MEDIUMBOX,CENTRAL,0,0,0,0,0,,15,12.87,0.11,9.2,140004.45
2016,45,124339.44,124339.44,3161,3161,21006,BHOPAL,MADHYAPRADESH,MEDIUMBOX,CENTRAL,0,0,0,0,0,,18.6,16.5,0,8,140580.6
2016,46,165868.01,165868.01,3232,3232,21006,BHOPAL,MADHYAPRADESH,MEDIUMBOX,CENTRAL,0,0,1,0,0,,24,22.1,0,4,141156.75
2016,47,152181.04,152181.04,3166,3166,21006,BHOPAL,MADHYAPRADESH,MEDIUMBOX,CENTRAL,0,0,0,0,0,,22,20.4,0.68,6,141732.9
2016,48,198336.8,198336.8,5120,5120,21006,BHOPAL,MADHYAPRADESH,MEDIUMBOX,CENTRAL,0,0,0,1,0,,26,23.87,0.11,4,142309.05
2016,49,159500.58,159500.58,3754,3754,21006,BHOPAL,MADHYAPRADESH,MEDIUMBOX,CENTRAL,0,0,0,0,0,,23,20.9,0.83,7,142885.2
2016,50,141243.79,141243.79,4603,4603,21006,BHOPAL,MADHYAPRADESH,MEDIUMBOX,CENTRAL,0,0,0,0,0,,21,19.1,0.17,8,143461.35
2016,51,153283.92,153283.92,5823,5823,21006,BHOPAL,MADHYAPRADESH,MEDIUMBOX,CENTRAL,0,0,0,0,0,,24,22.4,0.05,5.8,144037.5
2016,52,205873.61,205873.61,5868,5868,21006,BHOPAL,MADHYAPRADESH,MEDIUMBOX,CENTRAL,0,0,0,0,1,,28.4,26.27,0,2,144613.65
2016,1,45908.59247,45908.59247,766.5882353,766.5882353,21007,JAMSHEDPUR,JHARKHAND,MINIBOX,EAST,1,0,0,0,0,18.51,26.5,15.28,0,0.53,89000
2016,2,28569.62682,28569.62682,709.4117647,709.4117647,21007,JAMSHEDPUR,JHARKHAND,MINIBOX,EAST,0,0,0,0,0,17.23,18.1,13.19,10,0.57,89267
2016,3,27639.93224,27639.93224,674.5411765,674.5411765,21007,JAMSHEDPUR,JHARKHAND,MINIBOX,EAST,0,0,0,0,0,16.22,17.5,13.24,6,0.59,89534
2016,4,26767.32188,26767.32188,680.4235294,680.4235294,21007,JAMSHEDPUR,JHARKHAND,MINIBOX,EAST,0,0,0,0,0,16.33,16.8,13.87,4,0.6,89801
2016,5,28058.44847,28058.44847,677.6470588,677.6470588,21007,JAMSHEDPUR,JHARKHAND,MINIBOX,EAST,0,0,0,0,0,17.65,17.65,14.42,0,0.57,90068
2016,6,28374.65412,28374.65412,688.3294118,688.3294118,21007,JAMSHEDPUR,JHARKHAND,MINIBOX,EAST,0,0,0,0,0,18.2,18.2,14.44,0,0.56,90335
2016,7,37332.184,37332.184,799.9058824,799.9058824,21007,JAMSHEDPUR,JHARKHAND,MINIBOX,EAST,0,1,0,0,0,26.64,22.4,21.89,0,0.48,90602
2016,8,28118.46447,28118.46447,684.2352941,684.2352941,21007,JAMSHEDPUR,JHARKHAND,MINIBOX,EAST,0,0,0,0,0,17.34,16.22,15.43,16,0.57,90869
2016,9,29868.99247,29868.99247,696.5647059,696.5647059,21007,JAMSHEDPUR,JHARKHAND,MINIBOX,EAST,0,0,0,0,0,18.5,18.5,15.68,0,0.55,91136
2016,10,30400.02729,30400.02729,717.6,717.6,21007,JAMSHEDPUR,JHARKHAND,MINIBOX,EAST,0,0,0,0,0,20.21,18.8,15.84,0,0.53,91403
2016,11,28332.00706,NA,NA,686,21007,JAMSHEDPUR,JHARKHAND,MINIBOX,EAST,0,0,0,0,0,16.99,16.7,14.24,7,0.56,91670
2016,12,28392.11812,NA,NA,690,21007,JAMSHEDPUR,JHARKHAND,MINIBOX,EAST,0,0,0,0,0,18.21,16.8,16.67,0,0.56,91937
2016,13,25653.888,25653.888,632.5647059,632.5647059,21007,JAMSHEDPUR,JHARKHAND,MINIBOX,EAST,0,0,0,0,0,16.1,15.1,12.99,8,0.6,92204
2016,14,28334.31718,28334.31718,687.4823529,687.4823529,21007,JAMSHEDPUR,JHARKHAND,MINIBOX,EAST,0,0,0,0,0,17.61,16.9,14.16,0,0.56,92471
2016,15,29320.88518,29320.88518,702.7294118,702.7294118,21007,JAMSHEDPUR,JHARKHAND,MINIBOX,EAST,0,0,0,0,0,19.01,17.7,16.14,0,0.54,92738
2016,16,34592.78776,34592.78776,792.5647059,792.5647059,21007,JAMSHEDPUR,JHARKHAND,MINIBOX,EAST,0,0,0,0,0,24.12,22.3,23.21,0,0.45,93005
2016,17,21537.34071,21537.34071,567.9529412,567.9529412,21007,JAMSHEDPUR,JHARKHAND,MINIBOX,EAST,0,0,0,0,0,15.11,15.2,14.99,15,0.62,93272
2016,18,27343.68094,27343.68094,660.8941176,660.8941176,21007,JAMSHEDPUR,JHARKHAND,MINIBOX,EAST,0,0,0,0,0,25.12,18.1,20.87,0,0.53,93539
2016,19,29691.072,29691.072,704.5176471,704.5176471,21007,JAMSHEDPUR,JHARKHAND,MINIBOX,EAST,0,0,0,0,0,26.33,19.5,23.02,0,0.51,93806
2016,20,26714.10165,26714.10165,675.6235294,675.6235294,21007,JAMSHEDPUR,JHARKHAND,MINIBOX,EAST,0,0,0,0,0,24.12,18,21.24,4,0.56,94073
2016,21,26637.81506,26637.81506,664.7529412,664.7529412,21007,JAMSHEDPUR,JHARKHAND,MINIBOX,EAST,0,0,0,0,0,21.09,17.9,19.66,2,0.56,94340
2016,22,27020.88047,27020.88047,666.4,666.4,21007,JAMSHEDPUR,JHARKHAND,MINIBOX,EAST,0,0,0,0,0,23.13,18.2,19.68,0,0.56,94607
2016,23,30087.44471,30087.44471,708.1411765,708.1411765,21007,JAMSHEDPUR,JHARKHAND,MINIBOX,EAST,0,0,0,0,0,27.11,19.6,23.01,0,0.51,94874
2016,24,29360.42212,29360.42212,700.6588235,700.6588235,21007,JAMSHEDPUR,JHARKHAND,MINIBOX,EAST,0,0,0,0,0,23.27,19.1,21.38,4,0.52,95141
2016,25,25816.02024,25816.02024,645.5058824,645.5058824,21007,JAMSHEDPUR,JHARKHAND,MINIBOX,EAST,0,0,0,0,0,19.23,22.7,17.83,2,0.58,95408
2016,26,26018.16376,26018.16376,648.4235294,648.4235294,21007,JAMSHEDPUR,JHARKHAND,MINIBOX,EAST,0,0,0,0,0,21.25,22.9,17.8,0,0.58,95675
2016,27,28176.42212,28176.42212,682.6823529,682.6823529,21007,JAMSHEDPUR,JHARKHAND,MINIBOX,EAST,0,0,0,0,0,23.32,24.2,20.02,0,0.56,95942
2016,28,26891.97459,26891.97459,665.6,665.6,21007,JAMSHEDPUR,JHARKHAND,MINIBOX,EAST,0,0,0,0,0,20.45,23.4,19.29,3,0.57,96209
2016,29,26914.65506,26914.65506,653.1764706,653.1764706,21007,JAMSHEDPUR,JHARKHAND,MINIBOX,EAST,0,0,0,0,0,22.56,23.5,18.32,0,0.56,96476
2016,30,26491.79812,26491.79812,652.2823529,652.2823529,21007,JAMSHEDPUR,JHARKHAND,MINIBOX,EAST,0,0,0,0,0,20.98,23.2,17.53,2,0.57,96743
2016,31,28308.76376,28308.76376,682.8705882,682.8705882,21007,JAMSHEDPUR,JHARKHAND,MINIBOX,EAST,0,0,0,0,0,23.11,24.1,19.36,0,0.55,97010
2016,32,31527.91153,31527.91153,747.9529412,747.9529412,21007,JAMSHEDPUR,JHARKHAND,MINIBOX,EAST,0,0,0,0,0,26.12,25.8,22.85,0,0.51,97277
2016,33,28077.53271,28077.53271,690.6352941,690.6352941,21007,JAMSHEDPUR,JHARKHAND,MINIBOX,EAST,0,0,0,0,0,21.89,23.2,18.66,7,0.56,97544
2016,34,26870.37129,26870.37129,669.7411765,669.7411765,21007,JAMSHEDPUR,JHARKHAND,MINIBOX,EAST,0,0,0,0,0,22.34,22.4,17.78,2,0.57,97811
2016,35,27306.23247,27306.23247,663.8588235,663.8588235,21007,JAMSHEDPUR,JHARKHAND,MINIBOX,EAST,0,0,0,0,0,21.78,22.7,18.91,0,0.57,98078
2016,36,28019.68141,28019.68141,669.4117647,669.4117647,21007,JAMSHEDPUR,JHARKHAND,MINIBOX,EAST,0,0,0,0,0,23.11,23,20.2,0,0.56,98345
2016,37,28038.27718,28038.27718,676.5176471,676.5176471,21007,JAMSHEDPUR,JHARKHAND,MINIBOX,EAST,0,0,0,0,0,24.21,22.9,18.99,0,0.56,98612
2016,38,26770.72612,26770.72612,661.6941176,661.6941176,21007,JAMSHEDPUR,JHARKHAND,MINIBOX,EAST,0,0,0,0,0,22.13,22.1,16.42,6,0.57,98879
2016,39,25955.56706,25955.56706,668.4235294,668.4235294,21007,JAMSHEDPUR,JHARKHAND,MINIBOX,EAST,0,0,0,0,0,18.34,21.8,16.14,1,0.57,99146
2016,40,27457.232,27457.232,680.2352941,680.2352941,21007,JAMSHEDPUR,JHARKHAND,MINIBOX,EAST,0,0,0,0,0,21.34,23,18.32,0,0.54,99413
2016,41,26127.24235,26127.24235,651.2470588,651.2470588,21007,JAMSHEDPUR,JHARKHAND,MINIBOX,EAST,0,0,0,0,0,18.94,22.2,15.71,3,0.56,99680
2016,42,27048.65224,27048.65224,679.2470588,679.2470588,21007,JAMSHEDPUR,JHARKHAND,MINIBOX,EAST,0,0,0,0,0,20.32,22.7,16.43,1,0.55,99947
2016,43,26178.32941,26178.32941,662.4470588,662.4470588,21007,JAMSHEDPUR,JHARKHAND,MINIBOX,EAST,0,0,0,0,0,18.85,22,15.98,2,0.56,100214
2016,44,27267.20612,27267.20612,703.1529412,703.1529412,21007,JAMSHEDPUR,JHARKHAND,MINIBOX,EAST,0,0,0,0,0,20.02,22.8,18.13,0,0.54,100481
2016,45,29637.53412,29637.53412,703.9529412,703.9529412,21007,JAMSHEDPUR,JHARKHAND,MINIBOX,EAST,0,0,0,0,0,26.17,24.2,18.56,0,0.52,100748
2016,46,29379.12471,29379.12471,681.9764706,681.9764706,21007,JAMSHEDPUR,JHARKHAND,MINIBOX,EAST,0,0,0,0,0,21.65,24,18.2,4,0.52,101015
2016,47,43829.49224,43829.49224,707.0588235,707.0588235,21007,JAMSHEDPUR,JHARKHAND,MINIBOX,EAST,0,0,1,0,0,22.11,31,19.24,0,0.51,101282
2016,48,36825.984,36825.984,808.6117647,808.6117647,21007,JAMSHEDPUR,JHARKHAND,MINIBOX,EAST,0,0,0,1,0,28.12,28.12,29.78,0,0.24,101549
2016,49,34258.73412,34258.73412,765.4588235,765.4588235,21007,JAMSHEDPUR,JHARKHAND,MINIBOX,EAST,0,0,0,0,0,16.33,27,21.21,12,0.42,101816
2016,50,40699.78353,40699.78353,828.1411765,828.1411765,21007,JAMSHEDPUR,JHARKHAND,MINIBOX,EAST,0,0,0,0,0,27.62,30,24.64,0,0.33,102083
2016,51,44104.80941,44104.80941,963.7647059,963.7647059,21007,JAMSHEDPUR,JHARKHAND,MINIBOX,EAST,0,0,0,0,0,29.13,32,31.7,0,0.24,102350
2016,52,60026.53176,60026.53176,1016.941176,1016.941176,21007,JAMSHEDPUR,JHARKHAND,MINIBOX,EAST,0,0,0,0,1,35.13,39,34.39,0,0.23,102617
2016,1,42236.67435,42236.67435,765.0352941,765.0352941,21008,OOTY,TAMILNADU,MINIBOX,SOUTH,1,0,0,0,0,18.51,24.51,15.99,0,0.53,60000
2016,2,29598.51812,29598.51812,706.3529412,706.3529412,21008,OOTY,TAMILNADU,MINIBOX,SOUTH,0,0,0,0,0,17.23,18.1,14.12,5.1,0.57,60120
2016,3,28065.38776,28065.38776,666.8235294,666.8235294,21008,OOTY,TAMILNADU,MINIBOX,SOUTH,0,0,0,0,0,16.22,17.7,12.66,3.2,0.59,60240
2016,4,27738.424,27738.424,667.5764706,667.5764706,21008,OOTY,TAMILNADU,MINIBOX,SOUTH,0,0,0,0,0,16.33,17.6,13.87,2.3,0.6,60360
2016,5,27738.32518,27738.32518,663.1529412,663.1529412,21008,OOTY,TAMILNADU,MINIBOX,SOUTH,0,0,0,0,0,17.65,17.55,14.65,0.5,0.57,60480
2016,6,30033.22965,30033.22965,710.4470588,710.4470588,21008,OOTY,TAMILNADU,MINIBOX,SOUTH,0,1,0,0,0,18.2,18.2,14.77,0,0.56,60600
2016,7,34394.17647,34394.17647,794.2588235,794.2588235,21008,OOTY,TAMILNADU,MINIBOX,SOUTH,0,0,0,0,0,26.64,18.7,20.86,0,0.48,60720
2016,8,28916.30165,28916.30165,697.8352941,697.8352941,21008,OOTY,TAMILNADU,MINIBOX,SOUTH,0,0,0,0,0,17.34,18.1,18.03,6.2,0.57,60840
2016,9,30372.04894,30372.04894,684.4235294,684.4235294,21008,OOTY,TAMILNADU,MINIBOX,SOUTH,0,0,0,0,0,18.5,18.5,15.79,0,0.55,60960
2016,10,30280.11671,30280.11671,700.8470588,700.8470588,21008,OOTY,TAMILNADU,MINIBOX,SOUTH,0,0,0,0,0,20.21,18.3,16.17,1.5,0.53,61080
2016,11,29310.78024,NA,NA,676,21008,OOTY,TAMILNADU,MINIBOX,SOUTH,0,0,0,0,0,16.99,16.99,14.9,7.2,0.56,61200
2016,12,29138.68612,NA,NA,667,21008,OOTY,TAMILNADU,MINIBOX,SOUTH,0,0,0,0,0,18.21,16.6,17.1,3.1,0.56,61320
2016,13,29308.58024,29308.58024,682.9176471,682.9176471,21008,OOTY,TAMILNADU,MINIBOX,SOUTH,0,0,0,0,0,16.1,16.8,14.12,0,0.6,61440
2016,14,37259.12565,37259.12565,809.0352941,809.0352941,21008,OOTY,TAMILNADU,MINIBOX,SOUTH,0,0,0,0,0,17.61,18.3,14.76,0,0.56,61560
2016,15,24555.26259,24555.26259,603.1529412,603.1529412,21008,OOTY,TAMILNADU,MINIBOX,SOUTH,0,0,0,0,0,19.01,16.3,18.87,12,0.54,61680
2016,16,28277.13318,28277.13318,668.5176471,668.5176471,21008,OOTY,TAMILNADU,MINIBOX,SOUTH,0,0,0,0,0,24.12,17.1,25.99,0,0.45,61800
2016,17,27573.02447,27573.02447,654.4941176,654.4941176,21008,OOTY,TAMILNADU,MINIBOX,SOUTH,0,0,0,0,0,15.11,16.6,22.32,5,0.62,61920
2016,18,28312.19388,28312.19388,675.2,675.2,21008,OOTY,TAMILNADU,MINIBOX,SOUTH,0,0,0,0,0,25.12,17.2,24.36,0,0.53,62040
2016,19,30091.38306,30091.38306,720.4235294,720.4235294,21008,OOTY,TAMILNADU,MINIBOX,SOUTH,0,0,0,0,0,26.33,18.1,20.66,0,0.51,62160
2016,20,28085.53694,28085.53694,667.3882353,667.3882353,21008,OOTY,TAMILNADU,MINIBOX,SOUTH,0,0,0,0,0,24.12,16.8,19.21,3.5,0.56,62280
2016,21,27042.52235,27042.52235,658.4470588,658.4470588,21008,OOTY,TAMILNADU,MINIBOX,SOUTH,0,0,0,0,0,21.09,15.3,18.88,4.1,0.56,62400
2016,22,27902.22682,27902.22682,676.5176471,676.5176471,21008,OOTY,TAMILNADU,MINIBOX,SOUTH,0,0,0,0,0,23.13,16.1,17.33,0,0.56,62520
2016,23,28552.33929,28552.33929,682.0705882,682.0705882,21008,OOTY,TAMILNADU,MINIBOX,SOUTH,0,0,0,0,0,27.11,16.8,31.99,0,0.51,62640
2016,24,29349.19388,29349.19388,670.9176471,670.9176471,21008,OOTY,TAMILNADU,MINIBOX,SOUTH,0,0,0,0,0,23.27,17.5,28.58,0,0.52,62760
2016,25,29256.61929,29256.61929,694.0705882,694.0705882,21008,OOTY,TAMILNADU,MINIBOX,SOUTH,0,0,0,0,0,19.23,17.2,23.73,1.3,0.58,62880
2016,26,26593.23059,26593.23059,665.5058824,665.5058824,21008,OOTY,TAMILNADU,MINIBOX,SOUTH,0,0,0,0,0,21.25,15.5,24.99,9,0.58,63000
2016,27,29766.60894,29766.60894,697.3647059,697.3647059,21008,OOTY,TAMILNADU,MINIBOX,SOUTH,0,0,0,0,0,23.32,16.4,34.44,0,0.56,63120
2016,28,28238.73976,28238.73976,671.7176471,671.7176471,21008,OOTY,TAMILNADU,MINIBOX,SOUTH,0,0,0,0,0,20.45,15.5,32.66,6,0.57,63240
2016,29,28238.59388,28238.59388,667.2941176,667.2941176,21008,OOTY,TAMILNADU,MINIBOX,SOUTH,0,0,0,0,0,22.56,15.5,31.11,0,0.56,63360
2016,30,27193.16094,27193.16094,659.1529412,659.1529412,21008,OOTY,TAMILNADU,MINIBOX,SOUTH,0,0,0,0,0,20.98,13.8,33.85,9.1,0.57,63480
2016,31,29596.24471,29596.24471,684.1411765,684.1411765,21008,OOTY,TAMILNADU,MINIBOX,SOUTH,0,0,0,0,0,23.11,15.3,33.99,0,0.55,63600
2016,32,33777.224,33777.224,777.5529412,777.5529412,21008,OOTY,TAMILNADU,MINIBOX,SOUTH,0,0,0,0,0,26.12,16.9,35.99,0,0.51,63720
2016,33,29734.80188,29734.80188,691.9058824,691.9058824,21008,OOTY,TAMILNADU,MINIBOX,SOUTH,0,0,0,0,0,21.89,15.4,33.46,9.3,0.56,63840
2016,34,29188.20659,29188.20659,664.3764706,664.3764706,21008,OOTY,TAMILNADU,MINIBOX,SOUTH,0,0,0,0,0,22.34,15.2,30.1,4,0.57,63960
2016,35,26131.55859,26131.55859,638.4941176,638.4941176,21008,OOTY,TAMILNADU,MINIBOX,SOUTH,0,0,0,0,0,21.78,13.7,31.91,9.2,0.57,64080
2016,36,29049.03718,29049.03718,681.7882353,681.7882353,21008,OOTY,TAMILNADU,MINIBOX,SOUTH,0,0,0,0,0,23.11,15.1,32.82,0,0.56,64200
2016,37,28514.31529,28514.31529,660.0470588,660.0470588,21008,OOTY,TAMILNADU,MINIBOX,SOUTH,0,0,0,0,0,24.21,14.6,30.53,5,0.56,64320
2016,38,27026.00141,27026.00141,668.5647059,668.5647059,21008,OOTY,TAMILNADU,MINIBOX,SOUTH,0,0,0,0,0,22.13,12.8,31.19,10,0.57,64440
2016,39,26693.15012,26693.15012,654.5882353,654.5882353,21008,OOTY,TAMILNADU,MINIBOX,SOUTH,0,0,0,0,0,18.34,12.6,28.48,1.5,0.57,64560
2016,40,28298.64282,28298.64282,676.1882353,676.1882353,21008,OOTY,TAMILNADU,MINIBOX,SOUTH,0,0,0,0,0,21.34,13.7,30.38,0,0.54,64680
2016,41,28847.55718,28847.55718,697.1764706,697.1764706,21008,OOTY,TAMILNADU,MINIBOX,SOUTH,0,0,0,0,0,18.94,14.4,27.79,0,0.56,64800
2016,42,27397.01882,27397.01882,635.6235294,635.6235294,21008,OOTY,TAMILNADU,MINIBOX,SOUTH,0,0,0,0,0,20.32,12.7,29.71,9.7,0.55,64920
2016,43,27485.68329,27485.68329,667.2,667.2,21008,OOTY,TAMILNADU,MINIBOX,SOUTH,0,0,0,0,0,18.85,12.9,23.73,0,0.56,65040
2016,44,29644.81741,29644.81741,710.6823529,710.6823529,21008,OOTY,TAMILNADU,MINIBOX,SOUTH,0,0,0,0,0,20.02,14.7,25.16,0,0.54,65160
2016,45,30943.77035,30943.77035,711.5764706,711.5764706,21008,OOTY,TAMILNADU,MINIBOX,SOUTH,0,0,0,0,0,26.17,15.9,27.11,0,0.52,65280
2016,46,40662.704,40662.704,708.3764706,708.3764706,21008,OOTY,TAMILNADU,MINIBOX,SOUTH,0,0,1,0,0,21.65,19.4,23.67,0,0.52,65400
2016,47,30010.28659,30010.28659,683.8588235,683.8588235,21008,OOTY,TAMILNADU,MINIBOX,SOUTH,0,0,0,0,0,22.11,14.6,27.99,22,0.51,65520
2016,48,53471.56847,53471.56847,841.1764706,841.1764706,21008,OOTY,TAMILNADU,MINIBOX,SOUTH,0,0,0,1,0,28.12,20.4,30.66,0,0.24,65640
2016,49,34053.04047,34053.04047,751.1058824,751.1058824,21008,OOTY,TAMILNADU,MINIBOX,SOUTH,0,0,0,0,0,16.33,15.5,24,21,0.42,65760
2016,50,41676.95671,41676.95671,817.9764706,817.9764706,21008,OOTY,TAMILNADU,MINIBOX,SOUTH,0,0,0,0,0,27.62,19.5,25.99,0,0.33,65880
2016,51,44728.77224,44728.77224,952.0941176,952.0941176,21008,OOTY,TAMILNADU,MINIBOX,SOUTH,0,0,0,0,0,29.13,22.6,30.21,0,0.24,66000
2016,52,56215.05365,56215.05365,1044.8,1044.8,21008,OOTY,TAMILNADU,MINIBOX,SOUTH,0,0,0,0,1,35.13,28.3,32.16,0,0.23,66120